timestamp,image_path,mask_path,overlay_path,interferogram_path,heatmap_path,coherence_path,mask_ratio,deformation_energy,coherence_mean
2023-01-01 00:01:00,C:\Users\Vijayakrishnaji\Desktop\capstone mainproject\Structural-Health-Monitoring\data\bridges\bridge_beta\insar_images\sar_20230101_000100.png,C:\Users\Vijayakrishnaji\Desktop\capstone mainproject\Structural-Health-Monitoring\data\bridges\bridge_beta\insar_masks\mask_20230101_000100.png,C:\Users\Vijayakrishnaji\Desktop\capstone mainproject\Structural-Health-Monitoring\data\bridges\bridge_beta\insar_overlays\overlay_20230101_000100.png,C:\Users\Vijayakrishnaji\Desktop\capstone mainproject\Structural-Health-Monitoring\data\bridges\bridge_beta\insar_interferograms\interferogram_20230101_000100.png,C:\Users\Vijayakrishnaji\Desktop\capstone mainproject\Structural-Health-Monitoring\data\bridges\bridge_beta\insar_heatmaps\heatmap_20230101_000100.png,C:\Users\Vijayakrishnaji\Desktop\capstone mainproject\Structural-Health-Monitoring\data\bridges\bridge_beta\insar_coherence\coherence_20230101_000100.png,0.0,0.0,1.0
2023-01-01 10:01:00,C:\Users\Vijayakrishnaji\Desktop\capstone mainproject\Structural-Health-Monitoring\data\bridges\bridge_beta\insar_images\sar_20230101_100100.png,C:\Users\Vijayakrishnaji\Desktop\capstone mainproject\Structural-Health-Monitoring\data\bridges\bridge_beta\insar_masks\mask_20230101_100100.png,C:\Users\Vijayakrishnaji\Desktop\capstone mainproject\Structural-Health-Monitoring\data\bridges\bridge_beta\insar_overlays\overlay_20230101_100100.png,C:\Users\Vijayakrishnaji\Desktop\capstone mainproject\Structural-Health-Monitoring\data\bridges\bridge_beta\insar_interferograms\interferogram_20230101_100100.png,C:\Users\Vijayakrishnaji\Desktop\capstone mainproject\Structural-Health-Monitoring\data\bridges\bridge_beta\insar_heatmaps\heatmap_20230101_100100.png,C:\Users\Vijayakrishnaji\Desktop\capstone mainproject\Structural-Health-Monitoring\data\bridges\bridge_beta\insar_coherence\coherence_20230101_100100.png,0.030029296875,0.277523197876186,0.764105281805242
2023-01-01 20:01:00,C:\Users\Vijayakrishnaji\Desktop\capstone mainproject\Structural-Health-Monitoring\data\bridges\bridge_beta\insar_images\sar_20230101_200100.png,C:\Users\Vijayakrishnaji\Desktop\capstone mainproject\Structural-Health-Monitoring\data\bridges\bridge_beta\insar_masks\mask_20230101_200100.png,C:\Users\Vijayakrishnaji\Desktop\capstone mainproject\Structural-Health-Monitoring\data\bridges\bridge_beta\insar_overlays\overlay_20230101_200100.png,C:\Users\Vijayakrishnaji\Desktop\capstone mainproject\Structural-Health-Monitoring\data\bridges\bridge_beta\insar_interferograms\interferogram_20230101_200100.png,C:\Users\Vijayakrishnaji\Desktop\capstone mainproject\Structural-Health-Monitoring\data\bridges\bridge_beta\insar_heatmaps\heatmap_20230101_200100.png,C:\Users\Vijayakrishnaji\Desktop\capstone mainproject\Structural-Health-Monitoring\data\bridges\bridge_beta\insar_coherence\coherence_20230101_200100.png,0.030029296875,0.19960829393972063,0.8303329501512374
2023-01-02 06:01:00,C:\Users\Vijayakrishnaji\Desktop\capstone mainproject\Structural-Health-Monitoring\data\bridges\bridge_beta\insar_images\sar_20230102_060100.png,C:\Users\Vijayakrishnaji\Desktop\capstone mainproject\Structural-Health-Monitoring\data\bridges\bridge_beta\insar_masks\mask_20230102_060100.png,C:\Users\Vijayakrishnaji\Desktop\capstone mainproject\Structural-Health-Monitoring\data\bridges\bridge_beta\insar_overlays\overlay_20230102_060100.png,C:\Users\Vijayakrishnaji\Desktop\capstone mainproject\Structural-Health-Monitoring\data\bridges\bridge_beta\insar_interferograms\interferogram_20230102_060100.png,C:\Users\Vijayakrishnaji\Desktop\capstone mainproject\Structural-Health-Monitoring\data\bridges\bridge_beta\insar_heatmaps\heatmap_20230102_060100.png,C:\Users\Vijayakrishnaji\Desktop\capstone mainproject\Structural-Health-Monitoring\data\bridges\bridge_beta\insar_coherence\coherence_20230102_060100.png,0.030029296875,0.22491219154274,0.8088246371886709
2023-01-02 16:01:00,C:\Users\Vijayakrishnaji\Desktop\capstone mainproject\Structural-Health-Monitoring\data\bridges\bridge_beta\insar_images\sar_20230102_160100.png,C:\Users\Vijayakrishnaji\Desktop\capstone mainproject\Structural-Health-Monitoring\data\bridges\bridge_beta\insar_masks\mask_20230102_160100.png,C:\Users\Vijayakrishnaji\Desktop\capstone mainproject\Structural-Health-Monitoring\data\bridges\bridge_beta\insar_overlays\overlay_20230102_160100.png,C:\Users\Vijayakrishnaji\Desktop\capstone mainproject\Structural-Health-Monitoring\data\bridges\bridge_beta\insar_interferograms\interferogram_20230102_160100.png,C:\Users\Vijayakrishnaji\Desktop\capstone mainproject\Structural-Health-Monitoring\data\bridges\bridge_beta\insar_heatmaps\heatmap_20230102_160100.png,C:\Users\Vijayakrishnaji\Desktop\capstone mainproject\Structural-Health-Monitoring\data\bridges\bridge_beta\insar_coherence\coherence_20230102_160100.png,0.030029296875,0.1889079625168481,0.8394282318606792
2023-01-03 02:01:00,C:\Users\Vijayakrishnaji\Desktop\capstone mainproject\Structural-Health-Monitoring\data\bridges\bridge_beta\insar_images\sar_20230103_020100.png,C:\Users\Vijayakrishnaji\Desktop\capstone mainproject\Structural-Health-Monitoring\data\bridges\bridge_beta\insar_masks\mask_20230103_020100.png,C:\Users\Vijayakrishnaji\Desktop\capstone mainproject\Structural-Health-Monitoring\data\bridges\bridge_beta\insar_overlays\overlay_20230103_020100.png,C:\Users\Vijayakrishnaji\Desktop\capstone mainproject\Structural-Health-Monitoring\data\bridges\bridge_beta\insar_interferograms\interferogram_20230103_020100.png,C:\Users\Vijayakrishnaji\Desktop\capstone mainproject\Structural-Health-Monitoring\data\bridges\bridge_beta\insar_heatmaps\heatmap_20230103_020100.png,C:\Users\Vijayakrishnaji\Desktop\capstone mainproject\Structural-Health-Monitoring\data\bridges\bridge_beta\insar_coherence\coherence_20230103_020100.png,0.030029296875,0.216997471934063,0.8155521488560464
2023-01-03 12:01:00,C:\Users\Vijayakrishnaji\Desktop\capstone mainproject\Structural-Health-Monitoring\data\bridges\bridge_beta\insar_images\sar_20230103_120100.png,C:\Users\Vijayakrishnaji\Desktop\capstone mainproject\Structural-Health-Monitoring\data\bridges\bridge_beta\insar_masks\mask_20230103_120100.png,C:\Users\Vijayakrishnaji\Desktop\capstone mainproject\Structural-Health-Monitoring\data\bridges\bridge_beta\insar_overlays\overlay_20230103_120100.png,C:\Users\Vijayakrishnaji\Desktop\capstone mainproject\Structural-Health-Monitoring\data\bridges\bridge_beta\insar_interferograms\interferogram_20230103_120100.png,C:\Users\Vijayakrishnaji\Desktop\capstone mainproject\Structural-Health-Monitoring\data\bridges\bridge_beta\insar_heatmaps\heatmap_20230103_120100.png,C:\Users\Vijayakrishnaji\Desktop\capstone mainproject\Structural-Health-Monitoring\data\bridges\bridge_beta\insar_coherence\coherence_20230103_120100.png,0.030029296875,0.21248460591910037,0.8193880849687647
2023-01-03 22:01:00,C:\Users\Vijayakrishnaji\Desktop\capstone mainproject\Structural-Health-Monitoring\data\bridges\bridge_beta\insar_images\sar_20230103_220100.png,C:\Users\Vijayakrishnaji\Desktop\capstone mainproject\Structural-Health-Monitoring\data\bridges\bridge_beta\insar_masks\mask_20230103_220100.png,C:\Users\Vijayakrishnaji\Desktop\capstone mainproject\Structural-Health-Monitoring\data\bridges\bridge_beta\insar_overlays\overlay_20230103_220100.png,C:\Users\Vijayakrishnaji\Desktop\capstone mainproject\Structural-Health-Monitoring\data\bridges\bridge_beta\insar_interferograms\interferogram_20230103_220100.png,C:\Users\Vijayakrishnaji\Desktop\capstone mainproject\Structural-Health-Monitoring\data\bridges\bridge_beta\insar_heatmaps\heatmap_20230103_220100.png,C:\Users\Vijayakrishnaji\Desktop\capstone mainproject\Structural-Health-Monitoring\data\bridges\bridge_beta\insar_coherence\coherence_20230103_220100.png,0.030029296875,0.1692614203681866,0.8561277926870414
2023-01-04 08:01:00,C:\Users\Vijayakrishnaji\Desktop\capstone mainproject\Structural-Health-Monitoring\data\bridges\bridge_beta\insar_images\sar_20230104_080100.png,C:\Users\Vijayakrishnaji\Desktop\capstone mainproject\Structural-Health-Monitoring\data\bridges\bridge_beta\insar_masks\mask_20230104_080100.png,C:\Users\Vijayakrishnaji\Desktop\capstone mainproject\Structural-Health-Monitoring\data\bridges\bridge_beta\insar_overlays\overlay_20230104_080100.png,C:\Users\Vijayakrishnaji\Desktop\capstone mainproject\Structural-Health-Monitoring\data\bridges\bridge_beta\insar_interferograms\interferogram_20230104_080100.png,C:\Users\Vijayakrishnaji\Desktop\capstone mainproject\Structural-Health-Monitoring\data\bridges\bridge_beta\insar_heatmaps\heatmap_20230104_080100.png,C:\Users\Vijayakrishnaji\Desktop\capstone mainproject\Structural-Health-Monitoring\data\bridges\bridge_beta\insar_coherence\coherence_20230104_080100.png,0.030029296875,0.2521719439278143,0.7856538476613579
2023-01-04 18:01:00,C:\Users\Vijayakrishnaji\Desktop\capstone mainproject\Structural-Health-Monitoring\data\bridges\bridge_beta\insar_images\sar_20230104_180100.png,C:\Users\Vijayakrishnaji\Desktop\capstone mainproject\Structural-Health-Monitoring\data\bridges\bridge_beta\insar_masks\mask_20230104_180100.png,C:\Users\Vijayakrishnaji\Desktop\capstone mainproject\Structural-Health-Monitoring\data\bridges\bridge_beta\insar_overlays\overlay_20230104_180100.png,C:\Users\Vijayakrishnaji\Desktop\capstone mainproject\Structural-Health-Monitoring\data\bridges\bridge_beta\insar_interferograms\interferogram_20230104_180100.png,C:\Users\Vijayakrishnaji\Desktop\capstone mainproject\Structural-Health-Monitoring\data\bridges\bridge_beta\insar_heatmaps\heatmap_20230104_180100.png,C:\Users\Vijayakrishnaji\Desktop\capstone mainproject\Structural-Health-Monitoring\data\bridges\bridge_beta\insar_coherence\coherence_20230104_180100.png,0.030029296875,0.17942224376980137,0.8474910927956688
2023-01-05 04:01:00,C:\Users\Vijayakrishnaji\Desktop\capstone mainproject\Structural-Health-Monitoring\data\bridges\bridge_beta\insar_images\sar_20230105_040100.png,C:\Users\Vijayakrishnaji\Desktop\capstone mainproject\Structural-Health-Monitoring\data\bridges\bridge_beta\insar_masks\mask_20230105_040100.png,C:\Users\Vijayakrishnaji\Desktop\capstone mainproject\Structural-Health-Monitoring\data\bridges\bridge_beta\insar_overlays\overlay_20230105_040100.png,C:\Users\Vijayakrishnaji\Desktop\capstone mainproject\Structural-Health-Monitoring\data\bridges\bridge_beta\insar_interferograms\interferogram_20230105_040100.png,C:\Users\Vijayakrishnaji\Desktop\capstone mainproject\Structural-Health-Monitoring\data\bridges\bridge_beta\insar_heatmaps\heatmap_20230105_040100.png,C:\Users\Vijayakrishnaji\Desktop\capstone mainproject\Structural-Health-Monitoring\data\bridges\bridge_beta\insar_coherence\coherence_20230105_040100.png,0.030029296875,0.20240607631422142,0.8279548351329118
2023-01-05 14:01:00,C:\Users\Vijayakrishnaji\Desktop\capstone mainproject\Structural-Health-Monitoring\data\bridges\bridge_beta\insar_images\sar_20230105_140100.png,C:\Users\Vijayakrishnaji\Desktop\capstone mainproject\Structural-Health-Monitoring\data\bridges\bridge_beta\insar_masks\mask_20230105_140100.png,C:\Users\Vijayakrishnaji\Desktop\capstone mainproject\Structural-Health-Monitoring\data\bridges\bridge_beta\insar_overlays\overlay_20230105_140100.png,C:\Users\Vijayakrishnaji\Desktop\capstone mainproject\Structural-Health-Monitoring\data\bridges\bridge_beta\insar_interferograms\interferogram_20230105_140100.png,C:\Users\Vijayakrishnaji\Desktop\capstone mainproject\Structural-Health-Monitoring\data\bridges\bridge_beta\insar_heatmaps\heatmap_20230105_140100.png,C:\Users\Vijayakrishnaji\Desktop\capstone mainproject\Structural-Health-Monitoring\data\bridges\bridge_beta\insar_coherence\coherence_20230105_140100.png,0.030029296875,0.17393979146976257,0.8521511772507018
2023-01-06 00:01:00,C:\Users\Vijayakrishnaji\Desktop\capstone mainproject\Structural-Health-Monitoring\data\bridges\bridge_beta\insar_images\sar_20230106_000100.png,C:\Users\Vijayakrishnaji\Desktop\capstone mainproject\Structural-Health-Monitoring\data\bridges\bridge_beta\insar_masks\mask_20230106_000100.png,C:\Users\Vijayakrishnaji\Desktop\capstone mainproject\Structural-Health-Monitoring\data\bridges\bridge_beta\insar_overlays\overlay_20230106_000100.png,C:\Users\Vijayakrishnaji\Desktop\capstone mainproject\Structural-Health-Monitoring\data\bridges\bridge_beta\insar_interferograms\interferogram_20230106_000100.png,C:\Users\Vijayakrishnaji\Desktop\capstone mainproject\Structural-Health-Monitoring\data\bridges\bridge_beta\insar_heatmaps\heatmap_20230106_000100.png,C:\Users\Vijayakrishnaji\Desktop\capstone mainproject\Structural-Health-Monitoring\data\bridges\bridge_beta\insar_coherence\coherence_20230106_000100.png,0.030029296875,0.15565330470057642,0.86769469100451
2023-01-06 10:01:00,C:\Users\Vijayakrishnaji\Desktop\capstone mainproject\Structural-Health-Monitoring\data\bridges\bridge_beta\insar_images\sar_20230106_100100.png,C:\Users\Vijayakrishnaji\Desktop\capstone mainproject\Structural-Health-Monitoring\data\bridges\bridge_beta\insar_masks\mask_20230106_100100.png,C:\Users\Vijayakrishnaji\Desktop\capstone mainproject\Structural-Health-Monitoring\data\bridges\bridge_beta\insar_overlays\overlay_20230106_100100.png,C:\Users\Vijayakrishnaji\Desktop\capstone mainproject\Structural-Health-Monitoring\data\bridges\bridge_beta\insar_interferograms\interferogram_20230106_100100.png,C:\Users\Vijayakrishnaji\Desktop\capstone mainproject\Structural-Health-Monitoring\data\bridges\bridge_beta\insar_heatmaps\heatmap_20230106_100100.png,C:\Users\Vijayakrishnaji\Desktop\capstone mainproject\Structural-Health-Monitoring\data\bridges\bridge_beta\insar_coherence\coherence_20230106_100100.png,0.030029296875,0.21495618521091858,0.8172872425707192
2023-01-06 20:01:00,C:\Users\Vijayakrishnaji\Desktop\capstone mainproject\Structural-Health-Monitoring\data\bridges\bridge_beta\insar_images\sar_20230106_200100.png,C:\Users\Vijayakrishnaji\Desktop\capstone mainproject\Structural-Health-Monitoring\data\bridges\bridge_beta\insar_masks\mask_20230106_200100.png,C:\Users\Vijayakrishnaji\Desktop\capstone mainproject\Structural-Health-Monitoring\data\bridges\bridge_beta\insar_overlays\overlay_20230106_200100.png,C:\Users\Vijayakrishnaji\Desktop\capstone mainproject\Structural-Health-Monitoring\data\bridges\bridge_beta\insar_interferograms\interferogram_20230106_200100.png,C:\Users\Vijayakrishnaji\Desktop\capstone mainproject\Structural-Health-Monitoring\data\bridges\bridge_beta\insar_heatmaps\heatmap_20230106_200100.png,C:\Users\Vijayakrishnaji\Desktop\capstone mainproject\Structural-Health-Monitoring\data\bridges\bridge_beta\insar_coherence\coherence_20230106_200100.png,0.030029296875,0.16439229230643615,0.8602665515395294
2023-01-07 06:01:00,C:\Users\Vijayakrishnaji\Desktop\capstone mainproject\Structural-Health-Monitoring\data\bridges\bridge_beta\insar_images\sar_20230107_060100.png,C:\Users\Vijayakrishnaji\Desktop\capstone mainproject\Structural-Health-Monitoring\data\bridges\bridge_beta\insar_masks\mask_20230107_060100.png,C:\Users\Vijayakrishnaji\Desktop\capstone mainproject\Structural-Health-Monitoring\data\bridges\bridge_beta\insar_overlays\overlay_20230107_060100.png,C:\Users\Vijayakrishnaji\Desktop\capstone mainproject\Structural-Health-Monitoring\data\bridges\bridge_beta\insar_interferograms\interferogram_20230107_060100.png,C:\Users\Vijayakrishnaji\Desktop\capstone mainproject\Structural-Health-Monitoring\data\bridges\bridge_beta\insar_heatmaps\heatmap_20230107_060100.png,C:\Users\Vijayakrishnaji\Desktop\capstone mainproject\Structural-Health-Monitoring\data\bridges\bridge_beta\insar_coherence\coherence_20230107_060100.png,0.030029296875,0.18659201383299828,0.8413967882419515
2023-01-07 16:01:00,C:\Users\Vijayakrishnaji\Desktop\capstone mainproject\Structural-Health-Monitoring\data\bridges\bridge_beta\insar_images\sar_20230107_160100.png,C:\Users\Vijayakrishnaji\Desktop\capstone mainproject\Structural-Health-Monitoring\data\bridges\bridge_beta\insar_masks\mask_20230107_160100.png,C:\Users\Vijayakrishnaji\Desktop\capstone mainproject\Structural-Health-Monitoring\data\bridges\bridge_beta\insar_overlays\overlay_20230107_160100.png,C:\Users\Vijayakrishnaji\Desktop\capstone mainproject\Structural-Health-Monitoring\data\bridges\bridge_beta\insar_interferograms\interferogram_20230107_160100.png,C:\Users\Vijayakrishnaji\Desktop\capstone mainproject\Structural-Health-Monitoring\data\bridges\bridge_beta\insar_heatmaps\heatmap_20230107_160100.png,C:\Users\Vijayakrishnaji\Desktop\capstone mainproject\Structural-Health-Monitoring\data\bridges\bridge_beta\insar_coherence\coherence_20230107_160100.png,0.030029296875,0.15989813973246297,0.8640865812274064
2023-01-08 02:01:00,C:\Users\Vijayakrishnaji\Desktop\capstone mainproject\Structural-Health-Monitoring\data\bridges\bridge_beta\insar_images\sar_20230108_020100.png,C:\Users\Vijayakrishnaji\Desktop\capstone mainproject\Structural-Health-Monitoring\data\bridges\bridge_beta\insar_masks\mask_20230108_020100.png,C:\Users\Vijayakrishnaji\Desktop\capstone mainproject\Structural-Health-Monitoring\data\bridges\bridge_beta\insar_overlays\overlay_20230108_020100.png,C:\Users\Vijayakrishnaji\Desktop\capstone mainproject\Structural-Health-Monitoring\data\bridges\bridge_beta\insar_interferograms\interferogram_20230108_020100.png,C:\Users\Vijayakrishnaji\Desktop\capstone mainproject\Structural-Health-Monitoring\data\bridges\bridge_beta\insar_heatmaps\heatmap_20230108_020100.png,C:\Users\Vijayakrishnaji\Desktop\capstone mainproject\Structural-Health-Monitoring\data\bridges\bridge_beta\insar_coherence\coherence_20230108_020100.png,0.030029296875,0.18259692497790947,0.8447926137687769
2023-01-08 12:01:00,C:\Users\Vijayakrishnaji\Desktop\capstone mainproject\Structural-Health-Monitoring\data\bridges\bridge_beta\insar_images\sar_20230108_120100.png,C:\Users\Vijayakrishnaji\Desktop\capstone mainproject\Structural-Health-Monitoring\data\bridges\bridge_beta\insar_masks\mask_20230108_120100.png,C:\Users\Vijayakrishnaji\Desktop\capstone mainproject\Structural-Health-Monitoring\data\bridges\bridge_beta\insar_overlays\overlay_20230108_120100.png,C:\Users\Vijayakrishnaji\Desktop\capstone mainproject\Structural-Health-Monitoring\data\bridges\bridge_beta\insar_interferograms\interferogram_20230108_120100.png,C:\Users\Vijayakrishnaji\Desktop\capstone mainproject\Structural-Health-Monitoring\data\bridges\bridge_beta\insar_heatmaps\heatmap_20230108_120100.png,C:\Users\Vijayakrishnaji\Desktop\capstone mainproject\Structural-Health-Monitoring\data\bridges\bridge_beta\insar_coherence\coherence_20230108_120100.png,0.030029296875,0.32238332453486296,0.7259741741453665
2023-01-08 22:01:00,C:\Users\Vijayakrishnaji\Desktop\capstone mainproject\Structural-Health-Monitoring\data\bridges\bridge_beta\insar_images\sar_20230108_220100.png,C:\Users\Vijayakrishnaji\Desktop\capstone mainproject\Structural-Health-Monitoring\data\bridges\bridge_beta\insar_masks\mask_20230108_220100.png,C:\Users\Vijayakrishnaji\Desktop\capstone mainproject\Structural-Health-Monitoring\data\bridges\bridge_beta\insar_overlays\overlay_20230108_220100.png,C:\Users\Vijayakrishnaji\Desktop\capstone mainproject\Structural-Health-Monitoring\data\bridges\bridge_beta\insar_interferograms\interferogram_20230108_220100.png,C:\Users\Vijayakrishnaji\Desktop\capstone mainproject\Structural-Health-Monitoring\data\bridges\bridge_beta\insar_heatmaps\heatmap_20230108_220100.png,C:\Users\Vijayakrishnaji\Desktop\capstone mainproject\Structural-Health-Monitoring\data\bridges\bridge_beta\insar_coherence\coherence_20230108_220100.png,0.030029296875,0.15880944735233757,0.8650119697505131
2023-01-09 08:01:00,C:\Users\Vijayakrishnaji\Desktop\capstone mainproject\Structural-Health-Monitoring\data\bridges\bridge_beta\insar_images\sar_20230109_080100.png,C:\Users\Vijayakrishnaji\Desktop\capstone mainproject\Structural-Health-Monitoring\data\bridges\bridge_beta\insar_masks\mask_20230109_080100.png,C:\Users\Vijayakrishnaji\Desktop\capstone mainproject\Structural-Health-Monitoring\data\bridges\bridge_beta\insar_overlays\overlay_20230109_080100.png,C:\Users\Vijayakrishnaji\Desktop\capstone mainproject\Structural-Health-Monitoring\data\bridges\bridge_beta\insar_interferograms\interferogram_20230109_080100.png,C:\Users\Vijayakrishnaji\Desktop\capstone mainproject\Structural-Health-Monitoring\data\bridges\bridge_beta\insar_heatmaps\heatmap_20230109_080100.png,C:\Users\Vijayakrishnaji\Desktop\capstone mainproject\Structural-Health-Monitoring\data\bridges\bridge_beta\insar_coherence\coherence_20230109_080100.png,0.030029296875,0.20858888951452775,0.8226994439126514
2023-01-09 18:01:00,C:\Users\Vijayakrishnaji\Desktop\capstone mainproject\Structural-Health-Monitoring\data\bridges\bridge_beta\insar_images\sar_20230109_180100.png,C:\Users\Vijayakrishnaji\Desktop\capstone mainproject\Structural-Health-Monitoring\data\bridges\bridge_beta\insar_masks\mask_20230109_180100.png,C:\Users\Vijayakrishnaji\Desktop\capstone mainproject\Structural-Health-Monitoring\data\bridges\bridge_beta\insar_overlays\overlay_20230109_180100.png,C:\Users\Vijayakrishnaji\Desktop\capstone mainproject\Structural-Health-Monitoring\data\bridges\bridge_beta\insar_interferograms\interferogram_20230109_180100.png,C:\Users\Vijayakrishnaji\Desktop\capstone mainproject\Structural-Health-Monitoring\data\bridges\bridge_beta\insar_heatmaps\heatmap_20230109_180100.png,C:\Users\Vijayakrishnaji\Desktop\capstone mainproject\Structural-Health-Monitoring\data\bridges\bridge_beta\insar_coherence\coherence_20230109_180100.png,0.030029296875,0.1770295424297351,0.8495248889347251
2023-01-10 04:01:00,C:\Users\Vijayakrishnaji\Desktop\capstone mainproject\Structural-Health-Monitoring\data\bridges\bridge_beta\insar_images\sar_20230110_040100.png,C:\Users\Vijayakrishnaji\Desktop\capstone mainproject\Structural-Health-Monitoring\data\bridges\bridge_beta\insar_masks\mask_20230110_040100.png,C:\Users\Vijayakrishnaji\Desktop\capstone mainproject\Structural-Health-Monitoring\data\bridges\bridge_beta\insar_overlays\overlay_20230110_040100.png,C:\Users\Vijayakrishnaji\Desktop\capstone mainproject\Structural-Health-Monitoring\data\bridges\bridge_beta\insar_interferograms\interferogram_20230110_040100.png,C:\Users\Vijayakrishnaji\Desktop\capstone mainproject\Structural-Health-Monitoring\data\bridges\bridge_beta\insar_heatmaps\heatmap_20230110_040100.png,C:\Users\Vijayakrishnaji\Desktop\capstone mainproject\Structural-Health-Monitoring\data\bridges\bridge_beta\insar_coherence\coherence_20230110_040100.png,0.030029296875,0.17181652686872745,0.8539559521615816
2023-01-10 14:01:00,C:\Users\Vijayakrishnaji\Desktop\capstone mainproject\Structural-Health-Monitoring\data\bridges\bridge_beta\insar_images\sar_20230110_140100.png,C:\Users\Vijayakrishnaji\Desktop\capstone mainproject\Structural-Health-Monitoring\data\bridges\bridge_beta\insar_masks\mask_20230110_140100.png,C:\Users\Vijayakrishnaji\Desktop\capstone mainproject\Structural-Health-Monitoring\data\bridges\bridge_beta\insar_overlays\overlay_20230110_140100.png,C:\Users\Vijayakrishnaji\Desktop\capstone mainproject\Structural-Health-Monitoring\data\bridges\bridge_beta\insar_interferograms\interferogram_20230110_140100.png,C:\Users\Vijayakrishnaji\Desktop\capstone mainproject\Structural-Health-Monitoring\data\bridges\bridge_beta\insar_heatmaps\heatmap_20230110_140100.png,C:\Users\Vijayakrishnaji\Desktop\capstone mainproject\Structural-Health-Monitoring\data\bridges\bridge_beta\insar_coherence\coherence_20230110_140100.png,0.030029296875,0.14967195874698808,0.8727788350650602
2023-01-11 00:01:00,C:\Users\Vijayakrishnaji\Desktop\capstone mainproject\Structural-Health-Monitoring\data\bridges\bridge_beta\insar_images\sar_20230111_000100.png,C:\Users\Vijayakrishnaji\Desktop\capstone mainproject\Structural-Health-Monitoring\data\bridges\bridge_beta\insar_masks\mask_20230111_000100.png,C:\Users\Vijayakrishnaji\Desktop\capstone mainproject\Structural-Health-Monitoring\data\bridges\bridge_beta\insar_overlays\overlay_20230111_000100.png,C:\Users\Vijayakrishnaji\Desktop\capstone mainproject\Structural-Health-Monitoring\data\bridges\bridge_beta\insar_interferograms\interferogram_20230111_000100.png,C:\Users\Vijayakrishnaji\Desktop\capstone mainproject\Structural-Health-Monitoring\data\bridges\bridge_beta\insar_heatmaps\heatmap_20230111_000100.png,C:\Users\Vijayakrishnaji\Desktop\capstone mainproject\Structural-Health-Monitoring\data\bridges\bridge_beta\insar_coherence\coherence_20230111_000100.png,0.030029296875,0.15638793867951634,0.8670702521224112
2023-01-11 10:01:00,C:\Users\Vijayakrishnaji\Desktop\capstone mainproject\Structural-Health-Monitoring\data\bridges\bridge_beta\insar_images\sar_20230111_100100.png,C:\Users\Vijayakrishnaji\Desktop\capstone mainproject\Structural-Health-Monitoring\data\bridges\bridge_beta\insar_masks\mask_20230111_100100.png,C:\Users\Vijayakrishnaji\Desktop\capstone mainproject\Structural-Health-Monitoring\data\bridges\bridge_beta\insar_overlays\overlay_20230111_100100.png,C:\Users\Vijayakrishnaji\Desktop\capstone mainproject\Structural-Health-Monitoring\data\bridges\bridge_beta\insar_interferograms\interferogram_20230111_100100.png,C:\Users\Vijayakrishnaji\Desktop\capstone mainproject\Structural-Health-Monitoring\data\bridges\bridge_beta\insar_heatmaps\heatmap_20230111_100100.png,C:\Users\Vijayakrishnaji\Desktop\capstone mainproject\Structural-Health-Monitoring\data\bridges\bridge_beta\insar_coherence\coherence_20230111_100100.png,0.030029296875,0.19429260632008527,0.8348512846279275
2023-01-11 20:01:00,C:\Users\Vijayakrishnaji\Desktop\capstone mainproject\Structural-Health-Monitoring\data\bridges\bridge_beta\insar_images\sar_20230111_200100.png,C:\Users\Vijayakrishnaji\Desktop\capstone mainproject\Structural-Health-Monitoring\data\bridges\bridge_beta\insar_masks\mask_20230111_200100.png,C:\Users\Vijayakrishnaji\Desktop\capstone mainproject\Structural-Health-Monitoring\data\bridges\bridge_beta\insar_overlays\overlay_20230111_200100.png,C:\Users\Vijayakrishnaji\Desktop\capstone mainproject\Structural-Health-Monitoring\data\bridges\bridge_beta\insar_interferograms\interferogram_20230111_200100.png,C:\Users\Vijayakrishnaji\Desktop\capstone mainproject\Structural-Health-Monitoring\data\bridges\bridge_beta\insar_heatmaps\heatmap_20230111_200100.png,C:\Users\Vijayakrishnaji\Desktop\capstone mainproject\Structural-Health-Monitoring\data\bridges\bridge_beta\insar_coherence\coherence_20230111_200100.png,0.030029296875,0.16500192425371044,0.8597483643843462
2023-01-12 06:01:00,C:\Users\Vijayakrishnaji\Desktop\capstone mainproject\Structural-Health-Monitoring\data\bridges\bridge_beta\insar_images\sar_20230112_060100.png,C:\Users\Vijayakrishnaji\Desktop\capstone mainproject\Structural-Health-Monitoring\data\bridges\bridge_beta\insar_masks\mask_20230112_060100.png,C:\Users\Vijayakrishnaji\Desktop\capstone mainproject\Structural-Health-Monitoring\data\bridges\bridge_beta\insar_overlays\overlay_20230112_060100.png,C:\Users\Vijayakrishnaji\Desktop\capstone mainproject\Structural-Health-Monitoring\data\bridges\bridge_beta\insar_interferograms\interferogram_20230112_060100.png,C:\Users\Vijayakrishnaji\Desktop\capstone mainproject\Structural-Health-Monitoring\data\bridges\bridge_beta\insar_heatmaps\heatmap_20230112_060100.png,C:\Users\Vijayakrishnaji\Desktop\capstone mainproject\Structural-Health-Monitoring\data\bridges\bridge_beta\insar_coherence\coherence_20230112_060100.png,0.030029296875,0.17758849197955845,0.8490497818173752
2023-01-12 16:01:00,C:\Users\Vijayakrishnaji\Desktop\capstone mainproject\Structural-Health-Monitoring\data\bridges\bridge_beta\insar_images\sar_20230112_160100.png,C:\Users\Vijayakrishnaji\Desktop\capstone mainproject\Structural-Health-Monitoring\data\bridges\bridge_beta\insar_masks\mask_20230112_160100.png,C:\Users\Vijayakrishnaji\Desktop\capstone mainproject\Structural-Health-Monitoring\data\bridges\bridge_beta\insar_overlays\overlay_20230112_160100.png,C:\Users\Vijayakrishnaji\Desktop\capstone mainproject\Structural-Health-Monitoring\data\bridges\bridge_beta\insar_interferograms\interferogram_20230112_160100.png,C:\Users\Vijayakrishnaji\Desktop\capstone mainproject\Structural-Health-Monitoring\data\bridges\bridge_beta\insar_heatmaps\heatmap_20230112_160100.png,C:\Users\Vijayakrishnaji\Desktop\capstone mainproject\Structural-Health-Monitoring\data\bridges\bridge_beta\insar_coherence\coherence_20230112_160100.png,0.030029296875,0.1538238180928755,0.8692497546210558
2023-01-13 02:01:00,C:\Users\Vijayakrishnaji\Desktop\capstone mainproject\Structural-Health-Monitoring\data\bridges\bridge_beta\insar_images\sar_20230113_020100.png,C:\Users\Vijayakrishnaji\Desktop\capstone mainproject\Structural-Health-Monitoring\data\bridges\bridge_beta\insar_masks\mask_20230113_020100.png,C:\Users\Vijayakrishnaji\Desktop\capstone mainproject\Structural-Health-Monitoring\data\bridges\bridge_beta\insar_overlays\overlay_20230113_020100.png,C:\Users\Vijayakrishnaji\Desktop\capstone mainproject\Structural-Health-Monitoring\data\bridges\bridge_beta\insar_interferograms\interferogram_20230113_020100.png,C:\Users\Vijayakrishnaji\Desktop\capstone mainproject\Structural-Health-Monitoring\data\bridges\bridge_beta\insar_heatmaps\heatmap_20230113_020100.png,C:\Users\Vijayakrishnaji\Desktop\capstone mainproject\Structural-Health-Monitoring\data\bridges\bridge_beta\insar_coherence\coherence_20230113_020100.png,0.030029296875,0.15665721555001605,0.8668413667824864
2023-01-13 12:01:00,C:\Users\Vijayakrishnaji\Desktop\capstone mainproject\Structural-Health-Monitoring\data\bridges\bridge_beta\insar_images\sar_20230113_120100.png,C:\Users\Vijayakrishnaji\Desktop\capstone mainproject\Structural-Health-Monitoring\data\bridges\bridge_beta\insar_masks\mask_20230113_120100.png,C:\Users\Vijayakrishnaji\Desktop\capstone mainproject\Structural-Health-Monitoring\data\bridges\bridge_beta\insar_overlays\overlay_20230113_120100.png,C:\Users\Vijayakrishnaji\Desktop\capstone mainproject\Structural-Health-Monitoring\data\bridges\bridge_beta\insar_interferograms\interferogram_20230113_120100.png,C:\Users\Vijayakrishnaji\Desktop\capstone mainproject\Structural-Health-Monitoring\data\bridges\bridge_beta\insar_heatmaps\heatmap_20230113_120100.png,C:\Users\Vijayakrishnaji\Desktop\capstone mainproject\Structural-Health-Monitoring\data\bridges\bridge_beta\insar_coherence\coherence_20230113_120100.png,0.030029296875,0.16412565636917345,0.8604931920862027
2023-01-13 22:01:00,C:\Users\Vijayakrishnaji\Desktop\capstone mainproject\Structural-Health-Monitoring\data\bridges\bridge_beta\insar_images\sar_20230113_220100.png,C:\Users\Vijayakrishnaji\Desktop\capstone mainproject\Structural-Health-Monitoring\data\bridges\bridge_beta\insar_masks\mask_20230113_220100.png,C:\Users\Vijayakrishnaji\Desktop\capstone mainproject\Structural-Health-Monitoring\data\bridges\bridge_beta\insar_overlays\overlay_20230113_220100.png,C:\Users\Vijayakrishnaji\Desktop\capstone mainproject\Structural-Health-Monitoring\data\bridges\bridge_beta\insar_interferograms\interferogram_20230113_220100.png,C:\Users\Vijayakrishnaji\Desktop\capstone mainproject\Structural-Health-Monitoring\data\bridges\bridge_beta\insar_heatmaps\heatmap_20230113_220100.png,C:\Users\Vijayakrishnaji\Desktop\capstone mainproject\Structural-Health-Monitoring\data\bridges\bridge_beta\insar_coherence\coherence_20230113_220100.png,0.030029296875,0.1525282862490132,0.8703509566883387
2023-01-14 08:01:00,C:\Users\Vijayakrishnaji\Desktop\capstone mainproject\Structural-Health-Monitoring\data\bridges\bridge_beta\insar_images\sar_20230114_080100.png,C:\Users\Vijayakrishnaji\Desktop\capstone mainproject\Structural-Health-Monitoring\data\bridges\bridge_beta\insar_masks\mask_20230114_080100.png,C:\Users\Vijayakrishnaji\Desktop\capstone mainproject\Structural-Health-Monitoring\data\bridges\bridge_beta\insar_overlays\overlay_20230114_080100.png,C:\Users\Vijayakrishnaji\Desktop\capstone mainproject\Structural-Health-Monitoring\data\bridges\bridge_beta\insar_interferograms\interferogram_20230114_080100.png,C:\Users\Vijayakrishnaji\Desktop\capstone mainproject\Structural-Health-Monitoring\data\bridges\bridge_beta\insar_heatmaps\heatmap_20230114_080100.png,C:\Users\Vijayakrishnaji\Desktop\capstone mainproject\Structural-Health-Monitoring\data\bridges\bridge_beta\insar_coherence\coherence_20230114_080100.png,0.030029296875,0.20448525322278796,0.8261875347606302
2023-01-14 18:01:00,C:\Users\Vijayakrishnaji\Desktop\capstone mainproject\Structural-Health-Monitoring\data\bridges\bridge_beta\insar_images\sar_20230114_180100.png,C:\Users\Vijayakrishnaji\Desktop\capstone mainproject\Structural-Health-Monitoring\data\bridges\bridge_beta\insar_masks\mask_20230114_180100.png,C:\Users\Vijayakrishnaji\Desktop\capstone mainproject\Structural-Health-Monitoring\data\bridges\bridge_beta\insar_overlays\overlay_20230114_180100.png,C:\Users\Vijayakrishnaji\Desktop\capstone mainproject\Structural-Health-Monitoring\data\bridges\bridge_beta\insar_interferograms\interferogram_20230114_180100.png,C:\Users\Vijayakrishnaji\Desktop\capstone mainproject\Structural-Health-Monitoring\data\bridges\bridge_beta\insar_heatmaps\heatmap_20230114_180100.png,C:\Users\Vijayakrishnaji\Desktop\capstone mainproject\Structural-Health-Monitoring\data\bridges\bridge_beta\insar_coherence\coherence_20230114_180100.png,0.030029296875,0.1811237703586041,0.8460447951951865
2023-01-15 04:01:00,C:\Users\Vijayakrishnaji\Desktop\capstone mainproject\Structural-Health-Monitoring\data\bridges\bridge_beta\insar_images\sar_20230115_040100.png,C:\Users\Vijayakrishnaji\Desktop\capstone mainproject\Structural-Health-Monitoring\data\bridges\bridge_beta\insar_masks\mask_20230115_040100.png,C:\Users\Vijayakrishnaji\Desktop\capstone mainproject\Structural-Health-Monitoring\data\bridges\bridge_beta\insar_overlays\overlay_20230115_040100.png,C:\Users\Vijayakrishnaji\Desktop\capstone mainproject\Structural-Health-Monitoring\data\bridges\bridge_beta\insar_interferograms\interferogram_20230115_040100.png,C:\Users\Vijayakrishnaji\Desktop\capstone mainproject\Structural-Health-Monitoring\data\bridges\bridge_beta\insar_heatmaps\heatmap_20230115_040100.png,C:\Users\Vijayakrishnaji\Desktop\capstone mainproject\Structural-Health-Monitoring\data\bridges\bridge_beta\insar_coherence\coherence_20230115_040100.png,0.030029296875,0.16498297939093887,0.8597644675177019
2023-01-15 14:01:00,C:\Users\Vijayakrishnaji\Desktop\capstone mainproject\Structural-Health-Monitoring\data\bridges\bridge_beta\insar_images\sar_20230115_140100.png,C:\Users\Vijayakrishnaji\Desktop\capstone mainproject\Structural-Health-Monitoring\data\bridges\bridge_beta\insar_masks\mask_20230115_140100.png,C:\Users\Vijayakrishnaji\Desktop\capstone mainproject\Structural-Health-Monitoring\data\bridges\bridge_beta\insar_overlays\overlay_20230115_140100.png,C:\Users\Vijayakrishnaji\Desktop\capstone mainproject\Structural-Health-Monitoring\data\bridges\bridge_beta\insar_interferograms\interferogram_20230115_140100.png,C:\Users\Vijayakrishnaji\Desktop\capstone mainproject\Structural-Health-Monitoring\data\bridges\bridge_beta\insar_heatmaps\heatmap_20230115_140100.png,C:\Users\Vijayakrishnaji\Desktop\capstone mainproject\Structural-Health-Monitoring\data\bridges\bridge_beta\insar_coherence\coherence_20230115_140100.png,0.030029296875,0.15630303993260342,0.8671424160572871
2023-01-16 00:01:00,C:\Users\Vijayakrishnaji\Desktop\capstone mainproject\Structural-Health-Monitoring\data\bridges\bridge_beta\insar_images\sar_20230116_000100.png,C:\Users\Vijayakrishnaji\Desktop\capstone mainproject\Structural-Health-Monitoring\data\bridges\bridge_beta\insar_masks\mask_20230116_000100.png,C:\Users\Vijayakrishnaji\Desktop\capstone mainproject\Structural-Health-Monitoring\data\bridges\bridge_beta\insar_overlays\overlay_20230116_000100.png,C:\Users\Vijayakrishnaji\Desktop\capstone mainproject\Structural-Health-Monitoring\data\bridges\bridge_beta\insar_interferograms\interferogram_20230116_000100.png,C:\Users\Vijayakrishnaji\Desktop\capstone mainproject\Structural-Health-Monitoring\data\bridges\bridge_beta\insar_heatmaps\heatmap_20230116_000100.png,C:\Users\Vijayakrishnaji\Desktop\capstone mainproject\Structural-Health-Monitoring\data\bridges\bridge_beta\insar_coherence\coherence_20230116_000100.png,0.030029296875,0.15130605062418745,0.8713898569694407
2023-01-16 10:01:00,C:\Users\Vijayakrishnaji\Desktop\capstone mainproject\Structural-Health-Monitoring\data\bridges\bridge_beta\insar_images\sar_20230116_100100.png,C:\Users\Vijayakrishnaji\Desktop\capstone mainproject\Structural-Health-Monitoring\data\bridges\bridge_beta\insar_masks\mask_20230116_100100.png,C:\Users\Vijayakrishnaji\Desktop\capstone mainproject\Structural-Health-Monitoring\data\bridges\bridge_beta\insar_overlays\overlay_20230116_100100.png,C:\Users\Vijayakrishnaji\Desktop\capstone mainproject\Structural-Health-Monitoring\data\bridges\bridge_beta\insar_interferograms\interferogram_20230116_100100.png,C:\Users\Vijayakrishnaji\Desktop\capstone mainproject\Structural-Health-Monitoring\data\bridges\bridge_beta\insar_heatmaps\heatmap_20230116_100100.png,C:\Users\Vijayakrishnaji\Desktop\capstone mainproject\Structural-Health-Monitoring\data\bridges\bridge_beta\insar_coherence\coherence_20230116_100100.png,0.030029296875,0.18346380465899043,0.8440557660398581
2023-01-16 20:01:00,C:\Users\Vijayakrishnaji\Desktop\capstone mainproject\Structural-Health-Monitoring\data\bridges\bridge_beta\insar_images\sar_20230116_200100.png,C:\Users\Vijayakrishnaji\Desktop\capstone mainproject\Structural-Health-Monitoring\data\bridges\bridge_beta\insar_masks\mask_20230116_200100.png,C:\Users\Vijayakrishnaji\Desktop\capstone mainproject\Structural-Health-Monitoring\data\bridges\bridge_beta\insar_overlays\overlay_20230116_200100.png,C:\Users\Vijayakrishnaji\Desktop\capstone mainproject\Structural-Health-Monitoring\data\bridges\bridge_beta\insar_interferograms\interferogram_20230116_200100.png,C:\Users\Vijayakrishnaji\Desktop\capstone mainproject\Structural-Health-Monitoring\data\bridges\bridge_beta\insar_heatmaps\heatmap_20230116_200100.png,C:\Users\Vijayakrishnaji\Desktop\capstone mainproject\Structural-Health-Monitoring\data\bridges\bridge_beta\insar_coherence\coherence_20230116_200100.png,0.030029296875,0.40708965200146663,0.6539737957987533
2023-01-17 06:01:00,C:\Users\Vijayakrishnaji\Desktop\capstone mainproject\Structural-Health-Monitoring\data\bridges\bridge_beta\insar_images\sar_20230117_060100.png,C:\Users\Vijayakrishnaji\Desktop\capstone mainproject\Structural-Health-Monitoring\data\bridges\bridge_beta\insar_masks\mask_20230117_060100.png,C:\Users\Vijayakrishnaji\Desktop\capstone mainproject\Structural-Health-Monitoring\data\bridges\bridge_beta\insar_overlays\overlay_20230117_060100.png,C:\Users\Vijayakrishnaji\Desktop\capstone mainproject\Structural-Health-Monitoring\data\bridges\bridge_beta\insar_interferograms\interferogram_20230117_060100.png,C:\Users\Vijayakrishnaji\Desktop\capstone mainproject\Structural-Health-Monitoring\data\bridges\bridge_beta\insar_heatmaps\heatmap_20230117_060100.png,C:\Users\Vijayakrishnaji\Desktop\capstone mainproject\Structural-Health-Monitoring\data\bridges\bridge_beta\insar_coherence\coherence_20230117_060100.png,0.030029296875,0.17079916436155576,0.8548207102926776
2023-01-17 16:01:00,C:\Users\Vijayakrishnaji\Desktop\capstone mainproject\Structural-Health-Monitoring\data\bridges\bridge_beta\insar_images\sar_20230117_160100.png,C:\Users\Vijayakrishnaji\Desktop\capstone mainproject\Structural-Health-Monitoring\data\bridges\bridge_beta\insar_masks\mask_20230117_160100.png,C:\Users\Vijayakrishnaji\Desktop\capstone mainproject\Structural-Health-Monitoring\data\bridges\bridge_beta\insar_overlays\overlay_20230117_160100.png,C:\Users\Vijayakrishnaji\Desktop\capstone mainproject\Structural-Health-Monitoring\data\bridges\bridge_beta\insar_interferograms\interferogram_20230117_160100.png,C:\Users\Vijayakrishnaji\Desktop\capstone mainproject\Structural-Health-Monitoring\data\bridges\bridge_beta\insar_heatmaps\heatmap_20230117_160100.png,C:\Users\Vijayakrishnaji\Desktop\capstone mainproject\Structural-Health-Monitoring\data\bridges\bridge_beta\insar_coherence\coherence_20230117_160100.png,0.030029296875,0.15048420398814158,0.8720884266100797
2023-01-18 02:01:00,C:\Users\Vijayakrishnaji\Desktop\capstone mainproject\Structural-Health-Monitoring\data\bridges\bridge_beta\insar_images\sar_20230118_020100.png,C:\Users\Vijayakrishnaji\Desktop\capstone mainproject\Structural-Health-Monitoring\data\bridges\bridge_beta\insar_masks\mask_20230118_020100.png,C:\Users\Vijayakrishnaji\Desktop\capstone mainproject\Structural-Health-Monitoring\data\bridges\bridge_beta\insar_overlays\overlay_20230118_020100.png,C:\Users\Vijayakrishnaji\Desktop\capstone mainproject\Structural-Health-Monitoring\data\bridges\bridge_beta\insar_interferograms\interferogram_20230118_020100.png,C:\Users\Vijayakrishnaji\Desktop\capstone mainproject\Structural-Health-Monitoring\data\bridges\bridge_beta\insar_heatmaps\heatmap_20230118_020100.png,C:\Users\Vijayakrishnaji\Desktop\capstone mainproject\Structural-Health-Monitoring\data\bridges\bridge_beta\insar_coherence\coherence_20230118_020100.png,0.030029296875,0.14979923732352723,0.872670648275002
2023-01-18 12:01:00,C:\Users\Vijayakrishnaji\Desktop\capstone mainproject\Structural-Health-Monitoring\data\bridges\bridge_beta\insar_images\sar_20230118_120100.png,C:\Users\Vijayakrishnaji\Desktop\capstone mainproject\Structural-Health-Monitoring\data\bridges\bridge_beta\insar_masks\mask_20230118_120100.png,C:\Users\Vijayakrishnaji\Desktop\capstone mainproject\Structural-Health-Monitoring\data\bridges\bridge_beta\insar_overlays\overlay_20230118_120100.png,C:\Users\Vijayakrishnaji\Desktop\capstone mainproject\Structural-Health-Monitoring\data\bridges\bridge_beta\insar_interferograms\interferogram_20230118_120100.png,C:\Users\Vijayakrishnaji\Desktop\capstone mainproject\Structural-Health-Monitoring\data\bridges\bridge_beta\insar_heatmaps\heatmap_20230118_120100.png,C:\Users\Vijayakrishnaji\Desktop\capstone mainproject\Structural-Health-Monitoring\data\bridges\bridge_beta\insar_coherence\coherence_20230118_120100.png,0.030029296875,0.1609639881354042,0.8631806100849064
2023-01-18 22:01:00,C:\Users\Vijayakrishnaji\Desktop\capstone mainproject\Structural-Health-Monitoring\data\bridges\bridge_beta\insar_images\sar_20230118_220100.png,C:\Users\Vijayakrishnaji\Desktop\capstone mainproject\Structural-Health-Monitoring\data\bridges\bridge_beta\insar_masks\mask_20230118_220100.png,C:\Users\Vijayakrishnaji\Desktop\capstone mainproject\Structural-Health-Monitoring\data\bridges\bridge_beta\insar_overlays\overlay_20230118_220100.png,C:\Users\Vijayakrishnaji\Desktop\capstone mainproject\Structural-Health-Monitoring\data\bridges\bridge_beta\insar_interferograms\interferogram_20230118_220100.png,C:\Users\Vijayakrishnaji\Desktop\capstone mainproject\Structural-Health-Monitoring\data\bridges\bridge_beta\insar_heatmaps\heatmap_20230118_220100.png,C:\Users\Vijayakrishnaji\Desktop\capstone mainproject\Structural-Health-Monitoring\data\bridges\bridge_beta\insar_coherence\coherence_20230118_220100.png,0.030029296875,0.14501194360595338,0.8767398479349395
2023-01-19 08:01:00,C:\Users\Vijayakrishnaji\Desktop\capstone mainproject\Structural-Health-Monitoring\data\bridges\bridge_beta\insar_images\sar_20230119_080100.png,C:\Users\Vijayakrishnaji\Desktop\capstone mainproject\Structural-Health-Monitoring\data\bridges\bridge_beta\insar_masks\mask_20230119_080100.png,C:\Users\Vijayakrishnaji\Desktop\capstone mainproject\Structural-Health-Monitoring\data\bridges\bridge_beta\insar_overlays\overlay_20230119_080100.png,C:\Users\Vijayakrishnaji\Desktop\capstone mainproject\Structural-Health-Monitoring\data\bridges\bridge_beta\insar_interferograms\interferogram_20230119_080100.png,C:\Users\Vijayakrishnaji\Desktop\capstone mainproject\Structural-Health-Monitoring\data\bridges\bridge_beta\insar_heatmaps\heatmap_20230119_080100.png,C:\Users\Vijayakrishnaji\Desktop\capstone mainproject\Structural-Health-Monitoring\data\bridges\bridge_beta\insar_coherence\coherence_20230119_080100.png,0.030029296875,0.19679421210621517,0.8327249197097171
2023-01-19 18:01:00,C:\Users\Vijayakrishnaji\Desktop\capstone mainproject\Structural-Health-Monitoring\data\bridges\bridge_beta\insar_images\sar_20230119_180100.png,C:\Users\Vijayakrishnaji\Desktop\capstone mainproject\Structural-Health-Monitoring\data\bridges\bridge_beta\insar_masks\mask_20230119_180100.png,C:\Users\Vijayakrishnaji\Desktop\capstone mainproject\Structural-Health-Monitoring\data\bridges\bridge_beta\insar_overlays\overlay_20230119_180100.png,C:\Users\Vijayakrishnaji\Desktop\capstone mainproject\Structural-Health-Monitoring\data\bridges\bridge_beta\insar_interferograms\interferogram_20230119_180100.png,C:\Users\Vijayakrishnaji\Desktop\capstone mainproject\Structural-Health-Monitoring\data\bridges\bridge_beta\insar_heatmaps\heatmap_20230119_180100.png,C:\Users\Vijayakrishnaji\Desktop\capstone mainproject\Structural-Health-Monitoring\data\bridges\bridge_beta\insar_coherence\coherence_20230119_180100.png,0.030029296875,0.34165650204493087,0.7095919732618088
2023-01-20 04:01:00,C:\Users\Vijayakrishnaji\Desktop\capstone mainproject\Structural-Health-Monitoring\data\bridges\bridge_beta\insar_images\sar_20230120_040100.png,C:\Users\Vijayakrishnaji\Desktop\capstone mainproject\Structural-Health-Monitoring\data\bridges\bridge_beta\insar_masks\mask_20230120_040100.png,C:\Users\Vijayakrishnaji\Desktop\capstone mainproject\Structural-Health-Monitoring\data\bridges\bridge_beta\insar_overlays\overlay_20230120_040100.png,C:\Users\Vijayakrishnaji\Desktop\capstone mainproject\Structural-Health-Monitoring\data\bridges\bridge_beta\insar_interferograms\interferogram_20230120_040100.png,C:\Users\Vijayakrishnaji\Desktop\capstone mainproject\Structural-Health-Monitoring\data\bridges\bridge_beta\insar_heatmaps\heatmap_20230120_040100.png,C:\Users\Vijayakrishnaji\Desktop\capstone mainproject\Structural-Health-Monitoring\data\bridges\bridge_beta\insar_coherence\coherence_20230120_040100.png,0.030029296875,0.18296587905191075,0.844479002805876
2023-01-20 14:01:00,C:\Users\Vijayakrishnaji\Desktop\capstone mainproject\Structural-Health-Monitoring\data\bridges\bridge_beta\insar_images\sar_20230120_140100.png,C:\Users\Vijayakrishnaji\Desktop\capstone mainproject\Structural-Health-Monitoring\data\bridges\bridge_beta\insar_masks\mask_20230120_140100.png,C:\Users\Vijayakrishnaji\Desktop\capstone mainproject\Structural-Health-Monitoring\data\bridges\bridge_beta\insar_overlays\overlay_20230120_140100.png,C:\Users\Vijayakrishnaji\Desktop\capstone mainproject\Structural-Health-Monitoring\data\bridges\bridge_beta\insar_interferograms\interferogram_20230120_140100.png,C:\Users\Vijayakrishnaji\Desktop\capstone mainproject\Structural-Health-Monitoring\data\bridges\bridge_beta\insar_heatmaps\heatmap_20230120_140100.png,C:\Users\Vijayakrishnaji\Desktop\capstone mainproject\Structural-Health-Monitoring\data\bridges\bridge_beta\insar_coherence\coherence_20230120_140100.png,0.030029296875,0.15805990520728197,0.8656490805738103
2023-01-21 00:01:00,C:\Users\Vijayakrishnaji\Desktop\capstone mainproject\Structural-Health-Monitoring\data\bridges\bridge_beta\insar_images\sar_20230121_000100.png,C:\Users\Vijayakrishnaji\Desktop\capstone mainproject\Structural-Health-Monitoring\data\bridges\bridge_beta\insar_masks\mask_20230121_000100.png,C:\Users\Vijayakrishnaji\Desktop\capstone mainproject\Structural-Health-Monitoring\data\bridges\bridge_beta\insar_overlays\overlay_20230121_000100.png,C:\Users\Vijayakrishnaji\Desktop\capstone mainproject\Structural-Health-Monitoring\data\bridges\bridge_beta\insar_interferograms\interferogram_20230121_000100.png,C:\Users\Vijayakrishnaji\Desktop\capstone mainproject\Structural-Health-Monitoring\data\bridges\bridge_beta\insar_heatmaps\heatmap_20230121_000100.png,C:\Users\Vijayakrishnaji\Desktop\capstone mainproject\Structural-Health-Monitoring\data\bridges\bridge_beta\insar_coherence\coherence_20230121_000100.png,0.030029296875,0.15869556773137677,0.8651087674283298
2023-01-21 10:01:00,C:\Users\Vijayakrishnaji\Desktop\capstone mainproject\Structural-Health-Monitoring\data\bridges\bridge_beta\insar_images\sar_20230121_100100.png,C:\Users\Vijayakrishnaji\Desktop\capstone mainproject\Structural-Health-Monitoring\data\bridges\bridge_beta\insar_masks\mask_20230121_100100.png,C:\Users\Vijayakrishnaji\Desktop\capstone mainproject\Structural-Health-Monitoring\data\bridges\bridge_beta\insar_overlays\overlay_20230121_100100.png,C:\Users\Vijayakrishnaji\Desktop\capstone mainproject\Structural-Health-Monitoring\data\bridges\bridge_beta\insar_interferograms\interferogram_20230121_100100.png,C:\Users\Vijayakrishnaji\Desktop\capstone mainproject\Structural-Health-Monitoring\data\bridges\bridge_beta\insar_heatmaps\heatmap_20230121_100100.png,C:\Users\Vijayakrishnaji\Desktop\capstone mainproject\Structural-Health-Monitoring\data\bridges\bridge_beta\insar_coherence\coherence_20230121_100100.png,0.030029296875,0.2013179314653137,0.8288797582544833
2023-01-21 20:01:00,C:\Users\Vijayakrishnaji\Desktop\capstone mainproject\Structural-Health-Monitoring\data\bridges\bridge_beta\insar_images\sar_20230121_200100.png,C:\Users\Vijayakrishnaji\Desktop\capstone mainproject\Structural-Health-Monitoring\data\bridges\bridge_beta\insar_masks\mask_20230121_200100.png,C:\Users\Vijayakrishnaji\Desktop\capstone mainproject\Structural-Health-Monitoring\data\bridges\bridge_beta\insar_overlays\overlay_20230121_200100.png,C:\Users\Vijayakrishnaji\Desktop\capstone mainproject\Structural-Health-Monitoring\data\bridges\bridge_beta\insar_interferograms\interferogram_20230121_200100.png,C:\Users\Vijayakrishnaji\Desktop\capstone mainproject\Structural-Health-Monitoring\data\bridges\bridge_beta\insar_heatmaps\heatmap_20230121_200100.png,C:\Users\Vijayakrishnaji\Desktop\capstone mainproject\Structural-Health-Monitoring\data\bridges\bridge_beta\insar_coherence\coherence_20230121_200100.png,0.030029296875,0.1736941505592189,0.852359972024664
2023-01-22 06:01:00,C:\Users\Vijayakrishnaji\Desktop\capstone mainproject\Structural-Health-Monitoring\data\bridges\bridge_beta\insar_images\sar_20230122_060100.png,C:\Users\Vijayakrishnaji\Desktop\capstone mainproject\Structural-Health-Monitoring\data\bridges\bridge_beta\insar_masks\mask_20230122_060100.png,C:\Users\Vijayakrishnaji\Desktop\capstone mainproject\Structural-Health-Monitoring\data\bridges\bridge_beta\insar_overlays\overlay_20230122_060100.png,C:\Users\Vijayakrishnaji\Desktop\capstone mainproject\Structural-Health-Monitoring\data\bridges\bridge_beta\insar_interferograms\interferogram_20230122_060100.png,C:\Users\Vijayakrishnaji\Desktop\capstone mainproject\Structural-Health-Monitoring\data\bridges\bridge_beta\insar_heatmaps\heatmap_20230122_060100.png,C:\Users\Vijayakrishnaji\Desktop\capstone mainproject\Structural-Health-Monitoring\data\bridges\bridge_beta\insar_coherence\coherence_20230122_060100.png,0.030029296875,0.1735056799126486,0.8525201720742488
2023-01-22 16:01:00,C:\Users\Vijayakrishnaji\Desktop\capstone mainproject\Structural-Health-Monitoring\data\bridges\bridge_beta\insar_images\sar_20230122_160100.png,C:\Users\Vijayakrishnaji\Desktop\capstone mainproject\Structural-Health-Monitoring\data\bridges\bridge_beta\insar_masks\mask_20230122_160100.png,C:\Users\Vijayakrishnaji\Desktop\capstone mainproject\Structural-Health-Monitoring\data\bridges\bridge_beta\insar_overlays\overlay_20230122_160100.png,C:\Users\Vijayakrishnaji\Desktop\capstone mainproject\Structural-Health-Monitoring\data\bridges\bridge_beta\insar_interferograms\interferogram_20230122_160100.png,C:\Users\Vijayakrishnaji\Desktop\capstone mainproject\Structural-Health-Monitoring\data\bridges\bridge_beta\insar_heatmaps\heatmap_20230122_160100.png,C:\Users\Vijayakrishnaji\Desktop\capstone mainproject\Structural-Health-Monitoring\data\bridges\bridge_beta\insar_coherence\coherence_20230122_160100.png,0.030029296875,0.15110911625482396,0.8715572511833996
2023-01-23 02:01:00,C:\Users\Vijayakrishnaji\Desktop\capstone mainproject\Structural-Health-Monitoring\data\bridges\bridge_beta\insar_images\sar_20230123_020100.png,C:\Users\Vijayakrishnaji\Desktop\capstone mainproject\Structural-Health-Monitoring\data\bridges\bridge_beta\insar_masks\mask_20230123_020100.png,C:\Users\Vijayakrishnaji\Desktop\capstone mainproject\Structural-Health-Monitoring\data\bridges\bridge_beta\insar_overlays\overlay_20230123_020100.png,C:\Users\Vijayakrishnaji\Desktop\capstone mainproject\Structural-Health-Monitoring\data\bridges\bridge_beta\insar_interferograms\interferogram_20230123_020100.png,C:\Users\Vijayakrishnaji\Desktop\capstone mainproject\Structural-Health-Monitoring\data\bridges\bridge_beta\insar_heatmaps\heatmap_20230123_020100.png,C:\Users\Vijayakrishnaji\Desktop\capstone mainproject\Structural-Health-Monitoring\data\bridges\bridge_beta\insar_coherence\coherence_20230123_020100.png,0.030029296875,0.170769727109156,0.8548457319572174
2023-01-23 12:01:00,C:\Users\Vijayakrishnaji\Desktop\capstone mainproject\Structural-Health-Monitoring\data\bridges\bridge_beta\insar_images\sar_20230123_120100.png,C:\Users\Vijayakrishnaji\Desktop\capstone mainproject\Structural-Health-Monitoring\data\bridges\bridge_beta\insar_masks\mask_20230123_120100.png,C:\Users\Vijayakrishnaji\Desktop\capstone mainproject\Structural-Health-Monitoring\data\bridges\bridge_beta\insar_overlays\overlay_20230123_120100.png,C:\Users\Vijayakrishnaji\Desktop\capstone mainproject\Structural-Health-Monitoring\data\bridges\bridge_beta\insar_interferograms\interferogram_20230123_120100.png,C:\Users\Vijayakrishnaji\Desktop\capstone mainproject\Structural-Health-Monitoring\data\bridges\bridge_beta\insar_heatmaps\heatmap_20230123_120100.png,C:\Users\Vijayakrishnaji\Desktop\capstone mainproject\Structural-Health-Monitoring\data\bridges\bridge_beta\insar_coherence\coherence_20230123_120100.png,0.030029296875,0.180860497084314,0.8462685774783331
2023-01-23 22:01:00,C:\Users\Vijayakrishnaji\Desktop\capstone mainproject\Structural-Health-Monitoring\data\bridges\bridge_beta\insar_images\sar_20230123_220100.png,C:\Users\Vijayakrishnaji\Desktop\capstone mainproject\Structural-Health-Monitoring\data\bridges\bridge_beta\insar_masks\mask_20230123_220100.png,C:\Users\Vijayakrishnaji\Desktop\capstone mainproject\Structural-Health-Monitoring\data\bridges\bridge_beta\insar_overlays\overlay_20230123_220100.png,C:\Users\Vijayakrishnaji\Desktop\capstone mainproject\Structural-Health-Monitoring\data\bridges\bridge_beta\insar_interferograms\interferogram_20230123_220100.png,C:\Users\Vijayakrishnaji\Desktop\capstone mainproject\Structural-Health-Monitoring\data\bridges\bridge_beta\insar_heatmaps\heatmap_20230123_220100.png,C:\Users\Vijayakrishnaji\Desktop\capstone mainproject\Structural-Health-Monitoring\data\bridges\bridge_beta\insar_coherence\coherence_20230123_220100.png,0.030029296875,0.15826644137294288,0.8654735248329986
2023-01-24 08:01:00,C:\Users\Vijayakrishnaji\Desktop\capstone mainproject\Structural-Health-Monitoring\data\bridges\bridge_beta\insar_images\sar_20230124_080100.png,C:\Users\Vijayakrishnaji\Desktop\capstone mainproject\Structural-Health-Monitoring\data\bridges\bridge_beta\insar_masks\mask_20230124_080100.png,C:\Users\Vijayakrishnaji\Desktop\capstone mainproject\Structural-Health-Monitoring\data\bridges\bridge_beta\insar_overlays\overlay_20230124_080100.png,C:\Users\Vijayakrishnaji\Desktop\capstone mainproject\Structural-Health-Monitoring\data\bridges\bridge_beta\insar_interferograms\interferogram_20230124_080100.png,C:\Users\Vijayakrishnaji\Desktop\capstone mainproject\Structural-Health-Monitoring\data\bridges\bridge_beta\insar_heatmaps\heatmap_20230124_080100.png,C:\Users\Vijayakrishnaji\Desktop\capstone mainproject\Structural-Health-Monitoring\data\bridges\bridge_beta\insar_coherence\coherence_20230124_080100.png,0.030029296875,0.22724452170016388,0.8068421565548608
2023-01-24 18:01:00,C:\Users\Vijayakrishnaji\Desktop\capstone mainproject\Structural-Health-Monitoring\data\bridges\bridge_beta\insar_images\sar_20230124_180100.png,C:\Users\Vijayakrishnaji\Desktop\capstone mainproject\Structural-Health-Monitoring\data\bridges\bridge_beta\insar_masks\mask_20230124_180100.png,C:\Users\Vijayakrishnaji\Desktop\capstone mainproject\Structural-Health-Monitoring\data\bridges\bridge_beta\insar_overlays\overlay_20230124_180100.png,C:\Users\Vijayakrishnaji\Desktop\capstone mainproject\Structural-Health-Monitoring\data\bridges\bridge_beta\insar_interferograms\interferogram_20230124_180100.png,C:\Users\Vijayakrishnaji\Desktop\capstone mainproject\Structural-Health-Monitoring\data\bridges\bridge_beta\insar_heatmaps\heatmap_20230124_180100.png,C:\Users\Vijayakrishnaji\Desktop\capstone mainproject\Structural-Health-Monitoring\data\bridges\bridge_beta\insar_coherence\coherence_20230124_180100.png,0.030029296875,0.16177701924044693,0.8624895336456201
2023-01-25 04:01:00,C:\Users\Vijayakrishnaji\Desktop\capstone mainproject\Structural-Health-Monitoring\data\bridges\bridge_beta\insar_images\sar_20230125_040100.png,C:\Users\Vijayakrishnaji\Desktop\capstone mainproject\Structural-Health-Monitoring\data\bridges\bridge_beta\insar_masks\mask_20230125_040100.png,C:\Users\Vijayakrishnaji\Desktop\capstone mainproject\Structural-Health-Monitoring\data\bridges\bridge_beta\insar_overlays\overlay_20230125_040100.png,C:\Users\Vijayakrishnaji\Desktop\capstone mainproject\Structural-Health-Monitoring\data\bridges\bridge_beta\insar_interferograms\interferogram_20230125_040100.png,C:\Users\Vijayakrishnaji\Desktop\capstone mainproject\Structural-Health-Monitoring\data\bridges\bridge_beta\insar_heatmaps\heatmap_20230125_040100.png,C:\Users\Vijayakrishnaji\Desktop\capstone mainproject\Structural-Health-Monitoring\data\bridges\bridge_beta\insar_coherence\coherence_20230125_040100.png,0.030029296875,0.1734740405291002,0.8525470655502648
2023-01-25 14:01:00,C:\Users\Vijayakrishnaji\Desktop\capstone mainproject\Structural-Health-Monitoring\data\bridges\bridge_beta\insar_images\sar_20230125_140100.png,C:\Users\Vijayakrishnaji\Desktop\capstone mainproject\Structural-Health-Monitoring\data\bridges\bridge_beta\insar_masks\mask_20230125_140100.png,C:\Users\Vijayakrishnaji\Desktop\capstone mainproject\Structural-Health-Monitoring\data\bridges\bridge_beta\insar_overlays\overlay_20230125_140100.png,C:\Users\Vijayakrishnaji\Desktop\capstone mainproject\Structural-Health-Monitoring\data\bridges\bridge_beta\insar_interferograms\interferogram_20230125_140100.png,C:\Users\Vijayakrishnaji\Desktop\capstone mainproject\Structural-Health-Monitoring\data\bridges\bridge_beta\insar_heatmaps\heatmap_20230125_140100.png,C:\Users\Vijayakrishnaji\Desktop\capstone mainproject\Structural-Health-Monitoring\data\bridges\bridge_beta\insar_coherence\coherence_20230125_140100.png,0.030029296875,0.15872267773484194,0.8650857239253844
2023-01-26 00:01:00,C:\Users\Vijayakrishnaji\Desktop\capstone mainproject\Structural-Health-Monitoring\data\bridges\bridge_beta\insar_images\sar_20230126_000100.png,C:\Users\Vijayakrishnaji\Desktop\capstone mainproject\Structural-Health-Monitoring\data\bridges\bridge_beta\insar_masks\mask_20230126_000100.png,C:\Users\Vijayakrishnaji\Desktop\capstone mainproject\Structural-Health-Monitoring\data\bridges\bridge_beta\insar_overlays\overlay_20230126_000100.png,C:\Users\Vijayakrishnaji\Desktop\capstone mainproject\Structural-Health-Monitoring\data\bridges\bridge_beta\insar_interferograms\interferogram_20230126_000100.png,C:\Users\Vijayakrishnaji\Desktop\capstone mainproject\Structural-Health-Monitoring\data\bridges\bridge_beta\insar_heatmaps\heatmap_20230126_000100.png,C:\Users\Vijayakrishnaji\Desktop\capstone mainproject\Structural-Health-Monitoring\data\bridges\bridge_beta\insar_coherence\coherence_20230126_000100.png,0.030029296875,0.16154197385832011,0.8626893222204279
2023-01-26 10:01:00,C:\Users\Vijayakrishnaji\Desktop\capstone mainproject\Structural-Health-Monitoring\data\bridges\bridge_beta\insar_images\sar_20230126_100100.png,C:\Users\Vijayakrishnaji\Desktop\capstone mainproject\Structural-Health-Monitoring\data\bridges\bridge_beta\insar_masks\mask_20230126_100100.png,C:\Users\Vijayakrishnaji\Desktop\capstone mainproject\Structural-Health-Monitoring\data\bridges\bridge_beta\insar_overlays\overlay_20230126_100100.png,C:\Users\Vijayakrishnaji\Desktop\capstone mainproject\Structural-Health-Monitoring\data\bridges\bridge_beta\insar_interferograms\interferogram_20230126_100100.png,C:\Users\Vijayakrishnaji\Desktop\capstone mainproject\Structural-Health-Monitoring\data\bridges\bridge_beta\insar_heatmaps\heatmap_20230126_100100.png,C:\Users\Vijayakrishnaji\Desktop\capstone mainproject\Structural-Health-Monitoring\data\bridges\bridge_beta\insar_coherence\coherence_20230126_100100.png,0.030029296875,0.2438372986165999,0.7927382961758901
2023-01-26 20:01:00,C:\Users\Vijayakrishnaji\Desktop\capstone mainproject\Structural-Health-Monitoring\data\bridges\bridge_beta\insar_images\sar_20230126_200100.png,C:\Users\Vijayakrishnaji\Desktop\capstone mainproject\Structural-Health-Monitoring\data\bridges\bridge_beta\insar_masks\mask_20230126_200100.png,C:\Users\Vijayakrishnaji\Desktop\capstone mainproject\Structural-Health-Monitoring\data\bridges\bridge_beta\insar_overlays\overlay_20230126_200100.png,C:\Users\Vijayakrishnaji\Desktop\capstone mainproject\Structural-Health-Monitoring\data\bridges\bridge_beta\insar_interferograms\interferogram_20230126_200100.png,C:\Users\Vijayakrishnaji\Desktop\capstone mainproject\Structural-Health-Monitoring\data\bridges\bridge_beta\insar_heatmaps\heatmap_20230126_200100.png,C:\Users\Vijayakrishnaji\Desktop\capstone mainproject\Structural-Health-Monitoring\data\bridges\bridge_beta\insar_coherence\coherence_20230126_200100.png,0.030029296875,0.161391774804342,0.8628169914163093
2023-01-27 06:01:00,C:\Users\Vijayakrishnaji\Desktop\capstone mainproject\Structural-Health-Monitoring\data\bridges\bridge_beta\insar_images\sar_20230127_060100.png,C:\Users\Vijayakrishnaji\Desktop\capstone mainproject\Structural-Health-Monitoring\data\bridges\bridge_beta\insar_masks\mask_20230127_060100.png,C:\Users\Vijayakrishnaji\Desktop\capstone mainproject\Structural-Health-Monitoring\data\bridges\bridge_beta\insar_overlays\overlay_20230127_060100.png,C:\Users\Vijayakrishnaji\Desktop\capstone mainproject\Structural-Health-Monitoring\data\bridges\bridge_beta\insar_interferograms\interferogram_20230127_060100.png,C:\Users\Vijayakrishnaji\Desktop\capstone mainproject\Structural-Health-Monitoring\data\bridges\bridge_beta\insar_heatmaps\heatmap_20230127_060100.png,C:\Users\Vijayakrishnaji\Desktop\capstone mainproject\Structural-Health-Monitoring\data\bridges\bridge_beta\insar_coherence\coherence_20230127_060100.png,0.030029296875,0.189460196762458,0.8389588327519106
2023-01-27 16:01:00,C:\Users\Vijayakrishnaji\Desktop\capstone mainproject\Structural-Health-Monitoring\data\bridges\bridge_beta\insar_images\sar_20230127_160100.png,C:\Users\Vijayakrishnaji\Desktop\capstone mainproject\Structural-Health-Monitoring\data\bridges\bridge_beta\insar_masks\mask_20230127_160100.png,C:\Users\Vijayakrishnaji\Desktop\capstone mainproject\Structural-Health-Monitoring\data\bridges\bridge_beta\insar_overlays\overlay_20230127_160100.png,C:\Users\Vijayakrishnaji\Desktop\capstone mainproject\Structural-Health-Monitoring\data\bridges\bridge_beta\insar_interferograms\interferogram_20230127_160100.png,C:\Users\Vijayakrishnaji\Desktop\capstone mainproject\Structural-Health-Monitoring\data\bridges\bridge_beta\insar_heatmaps\heatmap_20230127_160100.png,C:\Users\Vijayakrishnaji\Desktop\capstone mainproject\Structural-Health-Monitoring\data\bridges\bridge_beta\insar_coherence\coherence_20230127_160100.png,0.030029296875,0.1721754336772501,0.8536508813743374
2023-01-28 02:01:00,C:\Users\Vijayakrishnaji\Desktop\capstone mainproject\Structural-Health-Monitoring\data\bridges\bridge_beta\insar_images\sar_20230128_020100.png,C:\Users\Vijayakrishnaji\Desktop\capstone mainproject\Structural-Health-Monitoring\data\bridges\bridge_beta\insar_masks\mask_20230128_020100.png,C:\Users\Vijayakrishnaji\Desktop\capstone mainproject\Structural-Health-Monitoring\data\bridges\bridge_beta\insar_overlays\overlay_20230128_020100.png,C:\Users\Vijayakrishnaji\Desktop\capstone mainproject\Structural-Health-Monitoring\data\bridges\bridge_beta\insar_interferograms\interferogram_20230128_020100.png,C:\Users\Vijayakrishnaji\Desktop\capstone mainproject\Structural-Health-Monitoring\data\bridges\bridge_beta\insar_heatmaps\heatmap_20230128_020100.png,C:\Users\Vijayakrishnaji\Desktop\capstone mainproject\Structural-Health-Monitoring\data\bridges\bridge_beta\insar_coherence\coherence_20230128_020100.png,0.030029296875,0.1899648823217588,0.838529850026505
2023-01-28 12:01:00,C:\Users\Vijayakrishnaji\Desktop\capstone mainproject\Structural-Health-Monitoring\data\bridges\bridge_beta\insar_images\sar_20230128_120100.png,C:\Users\Vijayakrishnaji\Desktop\capstone mainproject\Structural-Health-Monitoring\data\bridges\bridge_beta\insar_masks\mask_20230128_120100.png,C:\Users\Vijayakrishnaji\Desktop\capstone mainproject\Structural-Health-Monitoring\data\bridges\bridge_beta\insar_overlays\overlay_20230128_120100.png,C:\Users\Vijayakrishnaji\Desktop\capstone mainproject\Structural-Health-Monitoring\data\bridges\bridge_beta\insar_interferograms\interferogram_20230128_120100.png,C:\Users\Vijayakrishnaji\Desktop\capstone mainproject\Structural-Health-Monitoring\data\bridges\bridge_beta\insar_heatmaps\heatmap_20230128_120100.png,C:\Users\Vijayakrishnaji\Desktop\capstone mainproject\Structural-Health-Monitoring\data\bridges\bridge_beta\insar_coherence\coherence_20230128_120100.png,0.030029296875,0.20909868618247363,0.8222661167448975
2023-01-28 22:01:00,C:\Users\Vijayakrishnaji\Desktop\capstone mainproject\Structural-Health-Monitoring\data\bridges\bridge_beta\insar_images\sar_20230128_220100.png,C:\Users\Vijayakrishnaji\Desktop\capstone mainproject\Structural-Health-Monitoring\data\bridges\bridge_beta\insar_masks\mask_20230128_220100.png,C:\Users\Vijayakrishnaji\Desktop\capstone mainproject\Structural-Health-Monitoring\data\bridges\bridge_beta\insar_overlays\overlay_20230128_220100.png,C:\Users\Vijayakrishnaji\Desktop\capstone mainproject\Structural-Health-Monitoring\data\bridges\bridge_beta\insar_interferograms\interferogram_20230128_220100.png,C:\Users\Vijayakrishnaji\Desktop\capstone mainproject\Structural-Health-Monitoring\data\bridges\bridge_beta\insar_heatmaps\heatmap_20230128_220100.png,C:\Users\Vijayakrishnaji\Desktop\capstone mainproject\Structural-Health-Monitoring\data\bridges\bridge_beta\insar_coherence\coherence_20230128_220100.png,0.030029296875,0.16502147603035153,0.8597317453742012
2023-01-29 08:01:00,C:\Users\Vijayakrishnaji\Desktop\capstone mainproject\Structural-Health-Monitoring\data\bridges\bridge_beta\insar_images\sar_20230129_080100.png,C:\Users\Vijayakrishnaji\Desktop\capstone mainproject\Structural-Health-Monitoring\data\bridges\bridge_beta\insar_masks\mask_20230129_080100.png,C:\Users\Vijayakrishnaji\Desktop\capstone mainproject\Structural-Health-Monitoring\data\bridges\bridge_beta\insar_overlays\overlay_20230129_080100.png,C:\Users\Vijayakrishnaji\Desktop\capstone mainproject\Structural-Health-Monitoring\data\bridges\bridge_beta\insar_interferograms\interferogram_20230129_080100.png,C:\Users\Vijayakrishnaji\Desktop\capstone mainproject\Structural-Health-Monitoring\data\bridges\bridge_beta\insar_heatmaps\heatmap_20230129_080100.png,C:\Users\Vijayakrishnaji\Desktop\capstone mainproject\Structural-Health-Monitoring\data\bridges\bridge_beta\insar_coherence\coherence_20230129_080100.png,0.030029296875,0.26925024897317207,0.7711372883728037
2023-01-29 18:01:00,C:\Users\Vijayakrishnaji\Desktop\capstone mainproject\Structural-Health-Monitoring\data\bridges\bridge_beta\insar_images\sar_20230129_180100.png,C:\Users\Vijayakrishnaji\Desktop\capstone mainproject\Structural-Health-Monitoring\data\bridges\bridge_beta\insar_masks\mask_20230129_180100.png,C:\Users\Vijayakrishnaji\Desktop\capstone mainproject\Structural-Health-Monitoring\data\bridges\bridge_beta\insar_overlays\overlay_20230129_180100.png,C:\Users\Vijayakrishnaji\Desktop\capstone mainproject\Structural-Health-Monitoring\data\bridges\bridge_beta\insar_interferograms\interferogram_20230129_180100.png,C:\Users\Vijayakrishnaji\Desktop\capstone mainproject\Structural-Health-Monitoring\data\bridges\bridge_beta\insar_heatmaps\heatmap_20230129_180100.png,C:\Users\Vijayakrishnaji\Desktop\capstone mainproject\Structural-Health-Monitoring\data\bridges\bridge_beta\insar_coherence\coherence_20230129_180100.png,0.030029296875,0.1912993201205958,0.8373955778974935
2023-01-30 04:01:00,C:\Users\Vijayakrishnaji\Desktop\capstone mainproject\Structural-Health-Monitoring\data\bridges\bridge_beta\insar_images\sar_20230130_040100.png,C:\Users\Vijayakrishnaji\Desktop\capstone mainproject\Structural-Health-Monitoring\data\bridges\bridge_beta\insar_masks\mask_20230130_040100.png,C:\Users\Vijayakrishnaji\Desktop\capstone mainproject\Structural-Health-Monitoring\data\bridges\bridge_beta\insar_overlays\overlay_20230130_040100.png,C:\Users\Vijayakrishnaji\Desktop\capstone mainproject\Structural-Health-Monitoring\data\bridges\bridge_beta\insar_interferograms\interferogram_20230130_040100.png,C:\Users\Vijayakrishnaji\Desktop\capstone mainproject\Structural-Health-Monitoring\data\bridges\bridge_beta\insar_heatmaps\heatmap_20230130_040100.png,C:\Users\Vijayakrishnaji\Desktop\capstone mainproject\Structural-Health-Monitoring\data\bridges\bridge_beta\insar_coherence\coherence_20230130_040100.png,0.030029296875,0.24020328948523495,0.7958272039375502
2023-01-30 14:01:00,C:\Users\Vijayakrishnaji\Desktop\capstone mainproject\Structural-Health-Monitoring\data\bridges\bridge_beta\insar_images\sar_20230130_140100.png,C:\Users\Vijayakrishnaji\Desktop\capstone mainproject\Structural-Health-Monitoring\data\bridges\bridge_beta\insar_masks\mask_20230130_140100.png,C:\Users\Vijayakrishnaji\Desktop\capstone mainproject\Structural-Health-Monitoring\data\bridges\bridge_beta\insar_overlays\overlay_20230130_140100.png,C:\Users\Vijayakrishnaji\Desktop\capstone mainproject\Structural-Health-Monitoring\data\bridges\bridge_beta\insar_interferograms\interferogram_20230130_140100.png,C:\Users\Vijayakrishnaji\Desktop\capstone mainproject\Structural-Health-Monitoring\data\bridges\bridge_beta\insar_heatmaps\heatmap_20230130_140100.png,C:\Users\Vijayakrishnaji\Desktop\capstone mainproject\Structural-Health-Monitoring\data\bridges\bridge_beta\insar_coherence\coherence_20230130_140100.png,0.030029296875,0.1917996308511369,0.8369703137765336
